Zone,Zone Tags,Rack,Slot,Max Weight,Dimensions,Near Picking Zone,Near Packing Machine,Near Outbound Gate
Zone 1,Inflamable,Rack 1,Slot 1,1515,"[74, 57, 68]",False,False,True
Zone 1,Inflamable,Rack 1,Slot 2,1401,"[30, 65, 76]",False,False,True
Zone 1,Inflamable,Rack 1,Slot 3,1695,"[51, 34, 63]",False,False,True
Zone 1,Inflamable,Rack 1,Slot 4,811,"[63, 31, 56]",False,False,True
Zone 1,Inflamable,Rack 2,Slot 1,2612,"[58, 44, 49]",True,False,False
Zone 1,Inflamable,Rack 2,Slot 2,1259,"[55, 63, 32]",True,False,False
Zone 1,Inflamable,Rack 2,Slot 3,2151,"[80, 36, 76]",True,False,False
Zone 1,Inflamable,Rack 2,Slot 4,2385,"[66, 41, 77]",True,False,False
Zone 1,Inflamable,Rack 3,Slot 1,859,"[36, 73, 56]",True,True,False
Zone 1,Inflamable,Rack 3,Slot 2,2774,"[65, 73, 52]",True,True,False
Zone 1,Inflamable,Rack 3,Slot 3,1843,"[59, 57, 60]",True,True,False
Zone 1,Inflamable,Rack 3,Slot 4,653,"[46, 46, 79]",True,True,False
Zone 2,Inflamable,Rack 1,Slot 1,923,"[51, 42, 38]",True,False,True
Zone 2,Inflamable,Rack 1,Slot 2,2188,"[77, 60, 48]",True,False,True
Zone 2,Inflamable,Rack 1,Slot 3,2005,"[77, 33, 39]",True,False,True
Zone 2,Inflamable,Rack 1,Slot 4,2114,"[64, 77, 65]",True,False,True
Zone 2,Inflamable,Rack 1,Slot 5,1341,"[36, 44, 48]",True,False,True
Zone 2,Inflamable,Rack 1,Slot 6,2602,"[77, 42, 44]",True,False,True
Zone 2,Inflamable,Rack 2,Slot 1,348,"[49, 73, 36]",False,False,False
Zone 2,Inflamable,Rack 2,Slot 2,2462,"[78, 59, 55]",False,False,False
Zone 2,Inflamable,Rack 2,Slot 3,2350,"[77, 44, 39]",False,False,False
Zone 2,Inflamable,Rack 2,Slot 4,1778,"[77, 59, 66]",False,False,False
Zone 2,Inflamable,Rack 2,Slot 5,2865,"[55, 50, 41]",False,False,False
Zone 2,Inflamable,Rack 2,Slot 6,1257,"[44, 60, 42]",False,False,False
Zone 2,Inflamable,Rack 3,Slot 1,2765,"[51, 53, 75]",True,False,False
Zone 2,Inflamable,Rack 3,Slot 2,711,"[36, 54, 44]",True,False,False
Zone 2,Inflamable,Rack 3,Slot 3,1015,"[56, 36, 78]",True,False,False
Zone 2,Inflamable,Rack 3,Slot 4,831,"[54, 72, 33]",True,False,False
Zone 3,General,Rack 1,Slot 1,1148,"[51, 74, 69]",False,False,True
Zone 3,General,Rack 1,Slot 2,1513,"[35, 52, 62]",False,False,True
Zone 3,General,Rack 1,Slot 3,1773,"[33, 35, 61]",False,False,True
Zone 3,General,Rack 1,Slot 4,1300,"[34, 31, 78]",False,False,True
Zone 3,General,Rack 2,Slot 1,1632,"[70, 69, 55]",True,True,False
Zone 3,General,Rack 2,Slot 2,731,"[55, 63, 80]",True,True,False
Zone 3,General,Rack 2,Slot 3,453,"[35, 71, 35]",True,True,False
Zone 3,General,Rack 2,Slot 4,1339,"[37, 30, 73]",True,True,False
Zone 3,General,Rack 2,Slot 5,1683,"[67, 58, 32]",True,True,False
Zone 3,General,Rack 3,Slot 1,2833,"[67, 32, 44]",True,False,True
Zone 3,General,Rack 3,Slot 2,399,"[58, 58, 35]",True,False,True
Zone 3,General,Rack 3,Slot 3,2815,"[76, 37, 51]",True,False,True
Zone 3,General,Rack 3,Slot 4,1057,"[44, 66, 59]",True,False,True
Zone 3,General,Rack 3,Slot 5,411,"[51, 62, 61]",True,False,True
Zone 3,General,Rack 3,Slot 6,2630,"[70, 64, 46]",True,False,True
Zone 4,Inflamable,Rack 1,Slot 1,2236,"[61, 57, 37]",False,True,True
Zone 4,Inflamable,Rack 1,Slot 2,2420,"[58, 80, 67]",False,True,True
Zone 4,Inflamable,Rack 1,Slot 3,1656,"[78, 30, 63]",False,True,True
Zone 4,Inflamable,Rack 1,Slot 4,1757,"[64, 62, 55]",False,True,True
Zone 4,Inflamable,Rack 1,Slot 5,2585,"[69, 72, 62]",False,True,True
Zone 4,Inflamable,Rack 1,Slot 6,685,"[70, 36, 71]",False,True,True
Zone 4,Inflamable,Rack 2,Slot 1,2279,"[65, 66, 60]",True,False,False
Zone 4,Inflamable,Rack 2,Slot 2,2016,"[47, 30, 51]",True,False,False
Zone 4,Inflamable,Rack 2,Slot 3,2045,"[54, 59, 75]",True,False,False
Zone 4,Inflamable,Rack 3,Slot 1,2762,"[50, 46, 33]",True,True,True
Zone 4,Inflamable,Rack 3,Slot 2,421,"[80, 67, 36]",True,True,True
Zone 4,Inflamable,Rack 3,Slot 3,378,"[44, 66, 35]",True,True,True
Zone 5,Chemical,Rack 1,Slot 1,1519,"[67, 49, 43]",False,True,True
Zone 5,Chemical,Rack 1,Slot 2,821,"[47, 49, 68]",False,True,True
Zone 5,Chemical,Rack 1,Slot 3,2118,"[62, 72, 53]",False,True,True
Zone 5,Chemical,Rack 2,Slot 1,1292,"[71, 61, 73]",False,False,False
Zone 5,Chemical,Rack 2,Slot 2,2155,"[31, 73, 73]",False,False,False
Zone 5,Chemical,Rack 2,Slot 3,620,"[55, 47, 75]",False,False,False
Zone 5,Chemical,Rack 2,Slot 4,2067,"[50, 49, 77]",False,False,False
Zone 5,Chemical,Rack 2,Slot 5,1097,"[41, 36, 57]",False,False,False
Zone 5,Chemical,Rack 3,Slot 1,1896,"[33, 79, 56]",False,False,False
Zone 5,Chemical,Rack 3,Slot 2,2332,"[70, 45, 65]",False,False,False
Zone 5,Chemical,Rack 3,Slot 3,1846,"[69, 30, 77]",False,False,False
Zone 5,Chemical,Rack 3,Slot 4,2153,"[40, 47, 80]",False,False,False
Zone 5,Chemical,Rack 3,Slot 5,738,"[36, 62, 49]",False,False,False
Zone 5,Chemical,Rack 3,Slot 6,2408,"[69, 72, 48]",False,False,False
Zone 5,Chemical,Rack 4,Slot 1,1047,"[76, 69, 80]",False,False,False
Zone 5,Chemical,Rack 4,Slot 2,473,"[65, 43, 33]",False,False,False
Zone 5,Chemical,Rack 4,Slot 3,1935,"[62, 53, 64]",False,False,False
Zone 5,Chemical,Rack 4,Slot 4,556,"[47, 62, 68]",False,False,False
Zone 5,Chemical,Rack 4,Slot 5,756,"[70, 72, 55]",False,False,False
Zone 6,General,Rack 1,Slot 1,2417,"[39, 80, 65]",False,False,False
Zone 6,General,Rack 1,Slot 2,851,"[42, 45, 75]",False,False,False
Zone 6,General,Rack 1,Slot 3,2633,"[33, 45, 73]",False,False,False
Zone 6,General,Rack 1,Slot 4,2499,"[33, 56, 38]",False,False,False
Zone 6,General,Rack 2,Slot 1,516,"[42, 42, 49]",False,True,True
Zone 6,General,Rack 2,Slot 2,2950,"[44, 36, 31]",False,True,True
Zone 6,General,Rack 2,Slot 3,2659,"[44, 54, 37]",False,True,True
Zone 6,General,Rack 2,Slot 4,2051,"[70, 37, 69]",False,True,True
Zone 6,General,Rack 3,Slot 1,1515,"[39, 62, 51]",False,True,True
Zone 6,General,Rack 3,Slot 2,911,"[53, 48, 34]",False,True,True
Zone 6,General,Rack 3,Slot 3,2090,"[78, 69, 67]",False,True,True
Zone 6,General,Rack 4,Slot 1,1440,"[34, 54, 35]",False,False,True
Zone 6,General,Rack 4,Slot 2,1125,"[41, 40, 80]",False,False,True
Zone 6,General,Rack 4,Slot 3,2065,"[62, 38, 60]",False,False,True
Zone 6,General,Rack 4,Slot 4,1981,"[73, 40, 30]",False,False,True
Zone 6,General,Rack 5,Slot 1,1384,"[64, 75, 40]",False,False,True
Zone 6,General,Rack 5,Slot 2,500,"[46, 57, 57]",False,False,True
Zone 6,General,Rack 5,Slot 3,2536,"[40, 79, 42]",False,False,True
Zone 6,General,Rack 5,Slot 4,1384,"[53, 47, 57]",False,False,True
Zone 7,Grocery,Rack 1,Slot 1,1125,"[73, 30, 41]",True,True,True
Zone 7,Grocery,Rack 1,Slot 2,2425,"[40, 79, 31]",True,True,True
Zone 7,Grocery,Rack 1,Slot 3,1985,"[60, 75, 47]",True,True,True
Zone 7,Grocery,Rack 1,Slot 4,1217,"[45, 61, 76]",True,True,True
Zone 7,Grocery,Rack 2,Slot 1,2244,"[46, 71, 36]",False,False,True
Zone 7,Grocery,Rack 2,Slot 2,1844,"[69, 53, 67]",False,False,True
Zone 7,Grocery,Rack 2,Slot 3,2659,"[80, 45, 47]",False,False,True
Zone 8,Inflamable,Rack 1,Slot 1,1212,"[49, 56, 59]",False,False,True
Zone 8,Inflamable,Rack 1,Slot 2,2168,"[39, 35, 65]",False,False,True
Zone 8,Inflamable,Rack 1,Slot 3,1007,"[55, 53, 62]",False,False,True
Zone 8,Inflamable,Rack 1,Slot 4,2571,"[50, 57, 56]",False,False,True
Zone 8,Inflamable,Rack 1,Slot 5,854,"[61, 37, 54]",False,False,True
Zone 8,Inflamable,Rack 1,Slot 6,1375,"[52, 78, 44]",False,False,True
Zone 8,Inflamable,Rack 2,Slot 1,2252,"[37, 52, 41]",False,False,True
Zone 8,Inflamable,Rack 2,Slot 2,1519,"[80, 38, 70]",False,False,True
Zone 8,Inflamable,Rack 2,Slot 3,2871,"[79, 44, 77]",False,False,True
Zone 8,Inflamable,Rack 2,Slot 4,1549,"[58, 74, 33]",False,False,True
Zone 8,Inflamable,Rack 3,Slot 1,2033,"[46, 79, 59]",True,False,True
Zone 8,Inflamable,Rack 3,Slot 2,1129,"[43, 32, 34]",True,False,True
Zone 8,Inflamable,Rack 3,Slot 3,2481,"[35, 32, 78]",True,False,True
Zone 8,Inflamable,Rack 3,Slot 4,563,"[77, 56, 34]",True,False,True
Zone 8,Inflamable,Rack 4,Slot 1,2575,"[35, 54, 53]",True,False,False
Zone 8,Inflamable,Rack 4,Slot 2,1361,"[50, 56, 59]",True,False,False
Zone 8,Inflamable,Rack 4,Slot 3,414,"[59, 77, 41]",True,False,False
Zone 8,Inflamable,Rack 4,Slot 4,322,"[69, 71, 57]",True,False,False
Zone 8,Inflamable,Rack 4,Slot 5,2018,"[41, 65, 61]",True,False,False
Zone 9,General,Rack 1,Slot 1,2910,"[53, 59, 39]",True,False,False
Zone 9,General,Rack 1,Slot 2,593,"[77, 55, 37]",True,False,False
Zone 9,General,Rack 1,Slot 3,556,"[39, 57, 69]",True,False,False
Zone 9,General,Rack 1,Slot 4,2649,"[31, 79, 30]",True,False,False
Zone 9,General,Rack 1,Slot 5,1409,"[69, 31, 35]",True,False,False
Zone 9,General,Rack 2,Slot 1,1192,"[58, 75, 36]",False,True,False
Zone 9,General,Rack 2,Slot 2,2391,"[53, 75, 33]",False,True,False
Zone 9,General,Rack 2,Slot 3,2674,"[33, 47, 51]",False,True,False
Zone 9,General,Rack 3,Slot 1,2511,"[77, 62, 63]",True,False,False
Zone 9,General,Rack 3,Slot 2,2800,"[61, 51, 65]",True,False,False
Zone 9,General,Rack 3,Slot 3,1906,"[75, 62, 44]",True,False,False
Zone 9,General,Rack 3,Slot 4,1995,"[34, 34, 64]",True,False,False
Zone 9,General,Rack 3,Slot 5,1876,"[50, 56, 42]",True,False,False
Zone 9,General,Rack 3,Slot 6,1583,"[47, 47, 72]",True,False,False
Zone 9,General,Rack 4,Slot 1,697,"[36, 32, 66]",True,False,True
Zone 9,General,Rack 4,Slot 2,1846,"[33, 30, 45]",True,False,True
Zone 9,General,Rack 4,Slot 3,2213,"[32, 47, 59]",True,False,True
Zone 10,General,Rack 1,Slot 1,1671,"[42, 76, 70]",True,True,False
Zone 10,General,Rack 1,Slot 2,1416,"[62, 41, 76]",True,True,False
Zone 10,General,Rack 1,Slot 3,2643,"[63, 70, 37]",True,True,False
Zone 10,General,Rack 2,Slot 1,2151,"[64, 65, 60]",False,True,False
Zone 10,General,Rack 2,Slot 2,1409,"[61, 66, 72]",False,True,False
Zone 10,General,Rack 2,Slot 3,1388,"[49, 30, 36]",False,True,False
Zone 10,General,Rack 2,Slot 4,1273,"[57, 68, 58]",False,True,False
Zone 10,General,Rack 2,Slot 5,2360,"[51, 77, 48]",False,True,False
Zone 10,General,Rack 3,Slot 1,1457,"[76, 47, 42]",True,True,False
Zone 10,General,Rack 3,Slot 2,577,"[50, 35, 31]",True,True,False
Zone 10,General,Rack 3,Slot 3,1559,"[41, 55, 32]",True,True,False
Zone 10,General,Rack 3,Slot 4,1525,"[48, 52, 73]",True,True,False
Zone 10,General,Rack 3,Slot 5,1501,"[40, 64, 71]",True,True,False
Zone 10,General,Rack 4,Slot 1,417,"[59, 41, 65]",False,False,True
Zone 10,General,Rack 4,Slot 2,967,"[64, 70, 38]",False,False,True
Zone 10,General,Rack 4,Slot 3,934,"[62, 32, 31]",False,False,True
Zone 10,General,Rack 4,Slot 4,2284,"[34, 65, 47]",False,False,True
Zone 10,General,Rack 4,Slot 5,2257,"[42, 41, 59]",False,False,True
Zone 11,Inflamable,Rack 1,Slot 1,1785,"[43, 43, 36]",True,True,False
Zone 11,Inflamable,Rack 1,Slot 2,2184,"[67, 42, 38]",True,True,False
Zone 11,Inflamable,Rack 1,Slot 3,345,"[57, 32, 75]",True,True,False
Zone 11,Inflamable,Rack 1,Slot 4,1316,"[68, 78, 60]",True,True,False
Zone 11,Inflamable,Rack 2,Slot 1,1789,"[45, 52, 72]",False,True,True
Zone 11,Inflamable,Rack 2,Slot 2,405,"[72, 67, 72]",False,True,True
Zone 11,Inflamable,Rack 2,Slot 3,1128,"[75, 62, 42]",False,True,True
Zone 11,Inflamable,Rack 2,Slot 4,2335,"[65, 41, 51]",False,True,True
Zone 11,Inflamable,Rack 2,Slot 5,2004,"[56, 74, 80]",False,True,True
Zone 11,Inflamable,Rack 2,Slot 6,944,"[80, 38, 74]",False,True,True
Zone 12,General,Rack 1,Slot 1,1310,"[32, 39, 48]",False,False,True
Zone 12,General,Rack 1,Slot 2,744,"[79, 44, 59]",False,False,True
Zone 12,General,Rack 1,Slot 3,689,"[58, 73, 61]",False,False,True
Zone 12,General,Rack 1,Slot 4,710,"[51, 53, 63]",False,False,True
Zone 12,General,Rack 1,Slot 5,919,"[46, 63, 54]",False,False,True
Zone 12,General,Rack 1,Slot 6,388,"[45, 61, 33]",False,False,True
Zone 12,General,Rack 2,Slot 1,2024,"[35, 52, 50]",False,True,True
Zone 12,General,Rack 2,Slot 2,995,"[62, 77, 58]",False,True,True
Zone 12,General,Rack 2,Slot 3,1560,"[48, 47, 79]",False,True,True
Zone 13,Grocery,Rack 1,Slot 1,1690,"[44, 55, 31]",False,False,False
Zone 13,Grocery,Rack 1,Slot 2,1495,"[73, 77, 67]",False,False,False
Zone 13,Grocery,Rack 1,Slot 3,1347,"[46, 78, 52]",False,False,False
Zone 13,Grocery,Rack 1,Slot 4,596,"[53, 40, 43]",False,False,False
Zone 13,Grocery,Rack 2,Slot 1,1038,"[67, 61, 74]",True,False,True
Zone 13,Grocery,Rack 2,Slot 2,2689,"[75, 65, 46]",True,False,True
Zone 13,Grocery,Rack 2,Slot 3,2505,"[50, 80, 78]",True,False,True
Zone 13,Grocery,Rack 2,Slot 4,2897,"[71, 66, 56]",True,False,True
Zone 13,Grocery,Rack 2,Slot 5,2517,"[39, 68, 55]",True,False,True
Zone 13,Grocery,Rack 2,Slot 6,2958,"[57, 79, 77]",True,False,True
Zone 13,Grocery,Rack 3,Slot 1,1090,"[51, 74, 41]",False,False,True
Zone 13,Grocery,Rack 3,Slot 2,2687,"[75, 80, 36]",False,False,True
Zone 13,Grocery,Rack 3,Slot 3,1365,"[67, 55, 34]",False,False,True
Zone 14,Grocery,Rack 1,Slot 1,2465,"[67, 58, 73]",False,False,True
Zone 14,Grocery,Rack 1,Slot 2,1810,"[78, 66, 41]",False,False,True
Zone 14,Grocery,Rack 1,Slot 3,1159,"[64, 72, 69]",False,False,True
Zone 14,Grocery,Rack 1,Slot 4,1748,"[37, 68, 64]",False,False,True
Zone 14,Grocery,Rack 2,Slot 1,2212,"[55, 65, 69]",False,True,True
Zone 14,Grocery,Rack 2,Slot 2,1535,"[59, 73, 71]",False,True,True
Zone 14,Grocery,Rack 2,Slot 3,1431,"[77, 67, 53]",False,True,True
Zone 14,Grocery,Rack 2,Slot 4,2375,"[74, 43, 40]",False,True,True
Zone 14,Grocery,Rack 2,Slot 5,1388,"[80, 65, 78]",False,True,True
Zone 14,Grocery,Rack 2,Slot 6,1102,"[47, 69, 36]",False,True,True
Zone 14,Grocery,Rack 3,Slot 1,1930,"[65, 33, 52]",True,False,False
Zone 14,Grocery,Rack 3,Slot 2,1949,"[38, 43, 30]",True,False,False
Zone 14,Grocery,Rack 3,Slot 3,762,"[48, 45, 78]",True,False,False
Zone 14,Grocery,Rack 3,Slot 4,990,"[55, 35, 74]",True,False,False
Zone 14,Grocery,Rack 3,Slot 5,2172,"[37, 37, 52]",True,False,False
Zone 15,Grocery,Rack 1,Slot 1,2705,"[64, 71, 44]",False,True,True
Zone 15,Grocery,Rack 1,Slot 2,2957,"[69, 36, 43]",False,True,True
Zone 15,Grocery,Rack 1,Slot 3,2427,"[41, 39, 78]",False,True,True
Zone 15,Grocery,Rack 1,Slot 4,2653,"[74, 42, 64]",False,True,True
Zone 15,Grocery,Rack 1,Slot 5,2390,"[38, 69, 46]",False,True,True
Zone 15,Grocery,Rack 2,Slot 1,2793,"[54, 45, 36]",True,False,True
Zone 15,Grocery,Rack 2,Slot 2,2278,"[44, 73, 39]",True,False,True
Zone 15,Grocery,Rack 2,Slot 3,1796,"[59, 66, 58]",True,False,True
Zone 15,Grocery,Rack 2,Slot 4,385,"[50, 42, 31]",True,False,True
Zone 15,Grocery,Rack 3,Slot 1,1729,"[52, 68, 53]",True,True,False
Zone 15,Grocery,Rack 3,Slot 2,1797,"[38, 55, 75]",True,True,False
Zone 15,Grocery,Rack 3,Slot 3,1316,"[56, 55, 44]",True,True,False
Zone 15,Grocery,Rack 3,Slot 4,1109,"[53, 47, 59]",True,True,False
Zone 15,Grocery,Rack 3,Slot 5,513,"[33, 76, 54]",True,True,False
Zone 15,Grocery,Rack 4,Slot 1,1291,"[64, 80, 72]",False,True,False
Zone 15,Grocery,Rack 4,Slot 2,2408,"[71, 47, 56]",False,True,False
Zone 15,Grocery,Rack 4,Slot 3,1946,"[68, 60, 44]",False,True,False
Zone 15,Grocery,Rack 4,Slot 4,2603,"[75, 41, 33]",False,True,False
Zone 15,Grocery,Rack 4,Slot 5,2000,"[42, 34, 71]",False,True,False
Zone 16,Grocery,Rack 1,Slot 1,2614,"[47, 60, 64]",True,True,False
Zone 16,Grocery,Rack 1,Slot 2,549,"[34, 57, 48]",True,True,False
Zone 16,Grocery,Rack 1,Slot 3,889,"[56, 38, 38]",True,True,False
Zone 16,Grocery,Rack 1,Slot 4,1053,"[43, 40, 60]",True,True,False
Zone 16,Grocery,Rack 1,Slot 5,2646,"[49, 45, 32]",True,True,False
Zone 16,Grocery,Rack 2,Slot 1,1063,"[40, 55, 34]",True,False,True
Zone 16,Grocery,Rack 2,Slot 2,632,"[44, 77, 62]",True,False,True
Zone 16,Grocery,Rack 2,Slot 3,2760,"[66, 36, 60]",True,False,True
Zone 16,Grocery,Rack 2,Slot 4,2942,"[53, 33, 69]",True,False,True
Zone 16,Grocery,Rack 3,Slot 1,1932,"[33, 64, 33]",True,True,True
Zone 16,Grocery,Rack 3,Slot 2,1217,"[55, 51, 37]",True,True,True
Zone 16,Grocery,Rack 3,Slot 3,1270,"[58, 77, 62]",True,True,True
Zone 16,Grocery,Rack 3,Slot 4,2593,"[60, 34, 69]",True,True,True
Zone 16,Grocery,Rack 4,Slot 1,2633,"[69, 61, 72]",True,False,False
Zone 16,Grocery,Rack 4,Slot 2,1747,"[51, 67, 46]",True,False,False
Zone 16,Grocery,Rack 4,Slot 3,726,"[67, 67, 66]",True,False,False
Zone 16,Grocery,Rack 4,Slot 4,2427,"[76, 77, 36]",True,False,False
Zone 16,Grocery,Rack 5,Slot 1,1009,"[34, 77, 46]",True,True,True
Zone 16,Grocery,Rack 5,Slot 2,2327,"[47, 63, 78]",True,True,True
Zone 16,Grocery,Rack 5,Slot 3,2057,"[67, 73, 76]",True,True,True
Zone 16,Grocery,Rack 5,Slot 4,561,"[75, 36, 61]",True,True,True
Zone 17,Inflamable,Rack 1,Slot 1,1921,"[54, 47, 68]",True,True,False
Zone 17,Inflamable,Rack 1,Slot 2,2331,"[66, 58, 63]",True,True,False
Zone 17,Inflamable,Rack 1,Slot 3,2347,"[39, 71, 37]",True,True,False
Zone 17,Inflamable,Rack 1,Slot 4,1352,"[42, 40, 49]",True,True,False
Zone 17,Inflamable,Rack 1,Slot 5,834,"[32, 53, 36]",True,True,False
Zone 17,Inflamable,Rack 2,Slot 1,537,"[68, 36, 72]",False,False,False
Zone 17,Inflamable,Rack 2,Slot 2,609,"[55, 76, 40]",False,False,False
Zone 17,Inflamable,Rack 2,Slot 3,2152,"[64, 48, 64]",False,False,False
Zone 17,Inflamable,Rack 3,Slot 1,409,"[67, 45, 56]",False,True,True
Zone 17,Inflamable,Rack 3,Slot 2,1174,"[76, 41, 42]",False,True,True
Zone 17,Inflamable,Rack 3,Slot 3,329,"[53, 76, 60]",False,True,True
Zone 17,Inflamable,Rack 3,Slot 4,2982,"[69, 42, 66]",False,True,True
Zone 17,Inflamable,Rack 4,Slot 1,1431,"[37, 56, 71]",True,False,True
Zone 17,Inflamable,Rack 4,Slot 2,2363,"[64, 40, 60]",True,False,True
Zone 17,Inflamable,Rack 4,Slot 3,696,"[53, 76, 61]",True,False,True
Zone 18,Inflamable,Rack 1,Slot 1,1439,"[56, 80, 34]",False,False,False
Zone 18,Inflamable,Rack 1,Slot 2,1922,"[65, 48, 43]",False,False,False
Zone 18,Inflamable,Rack 1,Slot 3,1207,"[69, 56, 71]",False,False,False
Zone 18,Inflamable,Rack 1,Slot 4,1913,"[78, 61, 71]",False,False,False
Zone 18,Inflamable,Rack 1,Slot 5,539,"[62, 80, 31]",False,False,False
Zone 18,Inflamable,Rack 1,Slot 6,307,"[68, 51, 38]",False,False,False
Zone 18,Inflamable,Rack 2,Slot 1,802,"[54, 32, 35]",True,True,False
Zone 18,Inflamable,Rack 2,Slot 2,410,"[56, 58, 47]",True,True,False
Zone 18,Inflamable,Rack 2,Slot 3,902,"[79, 40, 31]",True,True,False
Zone 18,Inflamable,Rack 2,Slot 4,1269,"[36, 38, 49]",True,True,False
Zone 18,Inflamable,Rack 3,Slot 1,2637,"[74, 40, 73]",False,True,True
Zone 18,Inflamable,Rack 3,Slot 2,2947,"[48, 63, 35]",False,True,True
Zone 18,Inflamable,Rack 3,Slot 3,1006,"[46, 80, 73]",False,True,True
Zone 18,Inflamable,Rack 3,Slot 4,1037,"[67, 32, 77]",False,True,True
Zone 18,Inflamable,Rack 4,Slot 1,393,"[51, 74, 71]",False,True,False
Zone 18,Inflamable,Rack 4,Slot 2,1964,"[62, 50, 36]",False,True,False
Zone 18,Inflamable,Rack 4,Slot 3,2381,"[53, 71, 34]",False,True,False
Zone 19,General,Rack 1,Slot 1,622,"[43, 42, 61]",False,False,False
Zone 19,General,Rack 1,Slot 2,1418,"[40, 79, 56]",False,False,False
Zone 19,General,Rack 1,Slot 3,546,"[58, 41, 80]",False,False,False
Zone 19,General,Rack 1,Slot 4,2612,"[35, 44, 38]",False,False,False
Zone 19,General,Rack 2,Slot 1,489,"[63, 73, 76]",False,True,True
Zone 19,General,Rack 2,Slot 2,1338,"[59, 36, 30]",False,True,True
Zone 19,General,Rack 2,Slot 3,1326,"[70, 73, 68]",False,True,True
Zone 19,General,Rack 3,Slot 1,1085,"[78, 80, 43]",False,False,False
Zone 19,General,Rack 3,Slot 2,826,"[79, 77, 65]",False,False,False
Zone 19,General,Rack 3,Slot 3,2745,"[59, 53, 63]",False,False,False
Zone 19,General,Rack 3,Slot 4,2452,"[43, 46, 52]",False,False,False
Zone 19,General,Rack 3,Slot 5,2495,"[76, 73, 63]",False,False,False
Zone 19,General,Rack 4,Slot 1,674,"[60, 61, 33]",True,True,False
Zone 19,General,Rack 4,Slot 2,1152,"[33, 57, 70]",True,True,False
Zone 19,General,Rack 4,Slot 3,2079,"[35, 33, 67]",True,True,False
Zone 19,General,Rack 4,Slot 4,1319,"[57, 40, 55]",True,True,False
Zone 19,General,Rack 5,Slot 1,1274,"[75, 53, 31]",True,False,True
Zone 19,General,Rack 5,Slot 2,2105,"[38, 75, 51]",True,False,True
Zone 19,General,Rack 5,Slot 3,1629,"[67, 50, 58]",True,False,True
Zone 20,General,Rack 1,Slot 1,729,"[43, 66, 71]",True,False,True
Zone 20,General,Rack 1,Slot 2,833,"[44, 43, 66]",True,False,True
Zone 20,General,Rack 1,Slot 3,909,"[71, 38, 46]",True,False,True
Zone 20,General,Rack 1,Slot 4,2491,"[60, 39, 44]",True,False,True
Zone 20,General,Rack 2,Slot 1,2138,"[31, 36, 70]",True,True,True
Zone 20,General,Rack 2,Slot 2,1530,"[31, 56, 56]",True,True,True
Zone 20,General,Rack 2,Slot 3,2388,"[47, 35, 50]",True,True,True
Zone 20,General,Rack 3,Slot 1,327,"[73, 58, 43]",True,True,False
Zone 20,General,Rack 3,Slot 2,1759,"[57, 53, 67]",True,True,False
Zone 20,General,Rack 3,Slot 3,1606,"[69, 79, 42]",True,True,False
Zone 20,General,Rack 3,Slot 4,2158,"[68, 36, 49]",True,True,False
Zone 20,General,Rack 3,Slot 5,1528,"[53, 35, 30]",True,True,False
Zone 20,General,Rack 4,Slot 1,2901,"[77, 78, 33]",True,True,True
Zone 20,General,Rack 4,Slot 2,1016,"[30, 71, 44]",True,True,True
Zone 20,General,Rack 4,Slot 3,1485,"[48, 37, 71]",True,True,True
Zone 20,General,Rack 4,Slot 4,757,"[59, 44, 51]",True,True,True
Zone 21,General,Rack 1,Slot 1,2493,"[41, 47, 35]",False,False,True
Zone 21,General,Rack 1,Slot 2,2962,"[67, 57, 69]",False,False,True
Zone 21,General,Rack 1,Slot 3,1384,"[48, 50, 57]",False,False,True
Zone 21,General,Rack 1,Slot 4,2633,"[62, 34, 80]",False,False,True
Zone 21,General,Rack 2,Slot 1,1966,"[72, 51, 58]",False,False,True
Zone 21,General,Rack 2,Slot 2,805,"[73, 34, 30]",False,False,True
Zone 21,General,Rack 2,Slot 3,966,"[64, 41, 55]",False,False,True
Zone 21,General,Rack 2,Slot 4,399,"[57, 71, 33]",False,False,True
Zone 22,Inflamable,Rack 1,Slot 1,2600,"[77, 69, 75]",False,False,True
Zone 22,Inflamable,Rack 1,Slot 2,705,"[46, 65, 79]",False,False,True
Zone 22,Inflamable,Rack 1,Slot 3,921,"[42, 44, 46]",False,False,True
Zone 22,Inflamable,Rack 2,Slot 1,2608,"[37, 35, 69]",False,True,False
Zone 22,Inflamable,Rack 2,Slot 2,333,"[73, 51, 30]",False,True,False
Zone 22,Inflamable,Rack 2,Slot 3,2657,"[43, 68, 49]",False,True,False
Zone 22,Inflamable,Rack 2,Slot 4,779,"[68, 52, 76]",False,True,False
Zone 22,Inflamable,Rack 2,Slot 5,2265,"[72, 57, 48]",False,True,False
Zone 23,Inflamable,Rack 1,Slot 1,1399,"[72, 75, 57]",False,False,True
Zone 23,Inflamable,Rack 1,Slot 2,1994,"[58, 61, 46]",False,False,True
Zone 23,Inflamable,Rack 1,Slot 3,2041,"[40, 71, 73]",False,False,True
Zone 23,Inflamable,Rack 1,Slot 4,306,"[40, 67, 80]",False,False,True
Zone 23,Inflamable,Rack 2,Slot 1,989,"[51, 59, 63]",True,True,True
Zone 23,Inflamable,Rack 2,Slot 2,2101,"[79, 41, 36]",True,True,True
Zone 23,Inflamable,Rack 2,Slot 3,1321,"[76, 30, 33]",True,True,True
Zone 23,Inflamable,Rack 2,Slot 4,1426,"[68, 76, 44]",True,True,True
Zone 23,Inflamable,Rack 3,Slot 1,1594,"[49, 70, 50]",True,False,False
Zone 23,Inflamable,Rack 3,Slot 2,2164,"[67, 78, 61]",True,False,False
Zone 23,Inflamable,Rack 3,Slot 3,1136,"[31, 80, 46]",True,False,False
Zone 23,Inflamable,Rack 3,Slot 4,504,"[35, 78, 67]",True,False,False
Zone 23,Inflamable,Rack 3,Slot 5,1090,"[69, 36, 52]",True,False,False
Zone 23,Inflamable,Rack 4,Slot 1,2766,"[37, 62, 54]",False,False,True
Zone 23,Inflamable,Rack 4,Slot 2,1142,"[44, 51, 69]",False,False,True
Zone 23,Inflamable,Rack 4,Slot 3,1741,"[31, 76, 72]",False,False,True
Zone 23,Inflamable,Rack 4,Slot 4,1618,"[60, 47, 55]",False,False,True
Zone 23,Inflamable,Rack 4,Slot 5,1808,"[44, 68, 44]",False,False,True
Zone 23,Inflamable,Rack 4,Slot 6,2071,"[64, 30, 57]",False,False,True
Zone 23,Inflamable,Rack 5,Slot 1,1020,"[58, 76, 54]",True,False,False
Zone 23,Inflamable,Rack 5,Slot 2,1913,"[52, 67, 55]",True,False,False
Zone 23,Inflamable,Rack 5,Slot 3,2568,"[46, 80, 57]",True,False,False
Zone 23,Inflamable,Rack 5,Slot 4,1533,"[80, 63, 66]",True,False,False
Zone 23,Inflamable,Rack 5,Slot 5,1038,"[68, 61, 66]",True,False,False
Zone 23,Inflamable,Rack 5,Slot 6,2334,"[61, 32, 69]",True,False,False
Zone 24,Inflamable,Rack 1,Slot 1,2267,"[41, 34, 55]",True,False,True
Zone 24,Inflamable,Rack 1,Slot 2,2021,"[31, 51, 55]",True,False,True
Zone 24,Inflamable,Rack 1,Slot 3,1226,"[79, 73, 80]",True,False,True
Zone 24,Inflamable,Rack 2,Slot 1,327,"[67, 80, 40]",False,True,False
Zone 24,Inflamable,Rack 2,Slot 2,2962,"[52, 74, 49]",False,True,False
Zone 24,Inflamable,Rack 2,Slot 3,2910,"[43, 42, 64]",False,True,False
Zone 24,Inflamable,Rack 2,Slot 4,1864,"[50, 43, 49]",False,True,False
Zone 24,Inflamable,Rack 2,Slot 5,913,"[30, 32, 47]",False,True,False
Zone 24,Inflamable,Rack 2,Slot 6,2019,"[76, 38, 39]",False,True,False
Zone 24,Inflamable,Rack 3,Slot 1,682,"[61, 67, 71]",True,True,True
Zone 24,Inflamable,Rack 3,Slot 2,1421,"[44, 70, 60]",True,True,True
Zone 24,Inflamable,Rack 3,Slot 3,760,"[58, 75, 46]",True,True,True
Zone 24,Inflamable,Rack 3,Slot 4,1722,"[34, 36, 66]",True,True,True
Zone 24,Inflamable,Rack 3,Slot 5,2211,"[60, 62, 38]",True,True,True
Zone 24,Inflamable,Rack 3,Slot 6,2894,"[31, 78, 76]",True,True,True
Zone 24,Inflamable,Rack 4,Slot 1,764,"[44, 33, 53]",False,False,False
Zone 24,Inflamable,Rack 4,Slot 2,429,"[61, 53, 32]",False,False,False
Zone 24,Inflamable,Rack 4,Slot 3,907,"[77, 37, 46]",False,False,False
Zone 24,Inflamable,Rack 5,Slot 1,2309,"[55, 58, 69]",False,True,False
Zone 24,Inflamable,Rack 5,Slot 2,845,"[66, 67, 72]",False,True,False
Zone 24,Inflamable,Rack 5,Slot 3,2864,"[61, 78, 35]",False,True,False
Zone 24,Inflamable,Rack 5,Slot 4,2901,"[53, 58, 47]",False,True,False
Zone 24,Inflamable,Rack 5,Slot 5,2684,"[65, 58, 45]",False,True,False
Zone 24,Inflamable,Rack 5,Slot 6,1201,"[33, 34, 57]",False,True,False
Zone 25,Grocery,Rack 1,Slot 1,1162,"[50, 39, 32]",True,False,True
Zone 25,Grocery,Rack 1,Slot 2,435,"[69, 52, 41]",True,False,True
Zone 25,Grocery,Rack 1,Slot 3,2302,"[36, 74, 48]",True,False,True
Zone 25,Grocery,Rack 2,Slot 1,2573,"[58, 38, 35]",True,False,True
Zone 25,Grocery,Rack 2,Slot 2,400,"[42, 62, 57]",True,False,True
Zone 25,Grocery,Rack 2,Slot 3,2041,"[35, 79, 79]",True,False,True
Zone 25,Grocery,Rack 2,Slot 4,2506,"[45, 47, 46]",True,False,True
Zone 25,Grocery,Rack 2,Slot 5,2721,"[48, 33, 76]",True,False,True
Zone 25,Grocery,Rack 3,Slot 1,2011,"[42, 79, 68]",True,False,True
Zone 25,Grocery,Rack 3,Slot 2,1479,"[37, 32, 78]",True,False,True
Zone 25,Grocery,Rack 3,Slot 3,738,"[32, 66, 59]",True,False,True
Zone 25,Grocery,Rack 3,Slot 4,670,"[66, 44, 58]",True,False,True
Zone 25,Grocery,Rack 4,Slot 1,834,"[63, 67, 51]",False,False,False
Zone 25,Grocery,Rack 4,Slot 2,1706,"[34, 42, 77]",False,False,False
Zone 25,Grocery,Rack 4,Slot 3,2066,"[69, 49, 31]",False,False,False
Zone 25,Grocery,Rack 4,Slot 4,991,"[46, 63, 50]",False,False,False
Zone 25,Grocery,Rack 5,Slot 1,1973,"[47, 61, 72]",True,True,False
Zone 25,Grocery,Rack 5,Slot 2,2514,"[55, 71, 60]",True,True,False
Zone 25,Grocery,Rack 5,Slot 3,1889,"[37, 60, 74]",True,True,False
Zone 25,Grocery,Rack 5,Slot 4,2773,"[56, 32, 73]",True,True,False
Zone 25,Grocery,Rack 5,Slot 5,1245,"[46, 69, 67]",True,True,False
Zone 26,General,Rack 1,Slot 1,2420,"[74, 55, 77]",False,True,False
Zone 26,General,Rack 1,Slot 2,2174,"[63, 73, 49]",False,True,False
Zone 26,General,Rack 1,Slot 3,384,"[33, 44, 76]",False,True,False
Zone 26,General,Rack 2,Slot 1,2596,"[76, 61, 49]",True,True,False
Zone 26,General,Rack 2,Slot 2,2309,"[55, 55, 44]",True,True,False
Zone 26,General,Rack 2,Slot 3,1298,"[49, 36, 39]",True,True,False
Zone 26,General,Rack 3,Slot 1,509,"[57, 44, 33]",False,True,False
Zone 26,General,Rack 3,Slot 2,2472,"[57, 71, 36]",False,True,False
Zone 26,General,Rack 3,Slot 3,1901,"[75, 36, 42]",False,True,False
Zone 26,General,Rack 3,Slot 4,481,"[67, 61, 65]",False,True,False
Zone 27,Chemical,Rack 1,Slot 1,1077,"[35, 39, 58]",True,True,True
Zone 27,Chemical,Rack 1,Slot 2,1114,"[58, 69, 44]",True,True,True
Zone 27,Chemical,Rack 1,Slot 3,755,"[51, 69, 70]",True,True,True
Zone 27,Chemical,Rack 1,Slot 4,1738,"[64, 64, 30]",True,True,True
Zone 27,Chemical,Rack 1,Slot 5,1545,"[49, 79, 66]",True,True,True
Zone 27,Chemical,Rack 2,Slot 1,2798,"[57, 30, 79]",True,True,True
Zone 27,Chemical,Rack 2,Slot 2,809,"[42, 52, 62]",True,True,True
Zone 27,Chemical,Rack 2,Slot 3,2029,"[39, 30, 75]",True,True,True
Zone 27,Chemical,Rack 2,Slot 4,2075,"[59, 32, 72]",True,True,True
Zone 27,Chemical,Rack 2,Slot 5,2533,"[57, 38, 40]",True,True,True
Zone 27,Chemical,Rack 3,Slot 1,536,"[44, 55, 57]",True,True,True
Zone 27,Chemical,Rack 3,Slot 2,2103,"[50, 80, 45]",True,True,True
Zone 27,Chemical,Rack 3,Slot 3,2702,"[66, 78, 75]",True,True,True
Zone 27,Chemical,Rack 3,Slot 4,2264,"[53, 39, 66]",True,True,True
Zone 28,Grocery,Rack 1,Slot 1,1754,"[48, 80, 61]",False,True,True
Zone 28,Grocery,Rack 1,Slot 2,371,"[72, 72, 39]",False,True,True
Zone 28,Grocery,Rack 1,Slot 3,1219,"[30, 73, 35]",False,True,True
Zone 28,Grocery,Rack 2,Slot 1,2704,"[39, 66, 32]",True,True,True
Zone 28,Grocery,Rack 2,Slot 2,1483,"[58, 32, 44]",True,True,True
Zone 28,Grocery,Rack 2,Slot 3,1256,"[62, 79, 63]",True,True,True
Zone 28,Grocery,Rack 2,Slot 4,827,"[78, 51, 47]",True,True,True
Zone 28,Grocery,Rack 3,Slot 1,581,"[34, 61, 30]",False,False,False
Zone 28,Grocery,Rack 3,Slot 2,1960,"[75, 66, 53]",False,False,False
Zone 28,Grocery,Rack 3,Slot 3,2277,"[65, 67, 41]",False,False,False
Zone 28,Grocery,Rack 3,Slot 4,2729,"[58, 39, 45]",False,False,False
Zone 28,Grocery,Rack 3,Slot 5,2674,"[54, 44, 78]",False,False,False
Zone 28,Grocery,Rack 3,Slot 6,2996,"[40, 57, 79]",False,False,False
Zone 29,General,Rack 1,Slot 1,1531,"[44, 65, 30]",True,True,False
Zone 29,General,Rack 1,Slot 2,1400,"[31, 50, 63]",True,True,False
Zone 29,General,Rack 1,Slot 3,345,"[30, 32, 51]",True,True,False
Zone 29,General,Rack 1,Slot 4,2446,"[62, 73, 71]",True,True,False
Zone 29,General,Rack 2,Slot 1,1093,"[68, 34, 53]",True,True,False
Zone 29,General,Rack 2,Slot 2,1413,"[72, 69, 73]",True,True,False
Zone 29,General,Rack 2,Slot 3,2495,"[72, 43, 75]",True,True,False
Zone 29,General,Rack 2,Slot 4,1830,"[75, 53, 66]",True,True,False
Zone 29,General,Rack 3,Slot 1,676,"[57, 67, 70]",False,True,False
Zone 29,General,Rack 3,Slot 2,2486,"[62, 79, 70]",False,True,False
Zone 29,General,Rack 3,Slot 3,1967,"[54, 45, 40]",False,True,False
Zone 29,General,Rack 3,Slot 4,2517,"[44, 79, 77]",False,True,False
Zone 29,General,Rack 4,Slot 1,1886,"[54, 70, 61]",False,True,True
Zone 29,General,Rack 4,Slot 2,1427,"[77, 50, 30]",False,True,True
Zone 29,General,Rack 4,Slot 3,1877,"[80, 30, 36]",False,True,True
Zone 29,General,Rack 5,Slot 1,847,"[78, 39, 43]",True,True,True
Zone 29,General,Rack 5,Slot 2,2643,"[42, 35, 32]",True,True,True
Zone 29,General,Rack 5,Slot 3,1147,"[65, 42, 62]",True,True,True
Zone 29,General,Rack 5,Slot 4,862,"[44, 53, 40]",True,True,True
Zone 29,General,Rack 5,Slot 5,599,"[46, 30, 46]",True,True,True
Zone 29,General,Rack 5,Slot 6,1663,"[35, 77, 67]",True,True,True
Zone 30,General,Rack 1,Slot 1,659,"[68, 73, 57]",True,False,True
Zone 30,General,Rack 1,Slot 2,2290,"[57, 47, 71]",True,False,True
Zone 30,General,Rack 1,Slot 3,1926,"[64, 66, 46]",True,False,True
Zone 30,General,Rack 2,Slot 1,2194,"[67, 65, 73]",False,True,True
Zone 30,General,Rack 2,Slot 2,1584,"[62, 73, 48]",False,True,True
Zone 30,General,Rack 2,Slot 3,2273,"[76, 80, 50]",False,True,True
Zone 30,General,Rack 2,Slot 4,1916,"[43, 80, 41]",False,True,True
Zone 30,General,Rack 2,Slot 5,447,"[45, 56, 40]",False,True,True
Zone 30,General,Rack 2,Slot 6,2356,"[53, 70, 40]",False,True,True
Zone 30,General,Rack 3,Slot 1,1623,"[33, 76, 47]",True,False,True
Zone 30,General,Rack 3,Slot 2,1614,"[38, 52, 59]",True,False,True
Zone 30,General,Rack 3,Slot 3,312,"[58, 62, 41]",True,False,True
Zone 30,General,Rack 3,Slot 4,1845,"[78, 78, 63]",True,False,True
Zone 30,General,Rack 3,Slot 5,2278,"[64, 69, 47]",True,False,True
Zone 30,General,Rack 3,Slot 6,1061,"[62, 69, 30]",True,False,True
Zone 31,Grocery,Rack 1,Slot 1,2302,"[59, 75, 54]",True,False,True
Zone 31,Grocery,Rack 1,Slot 2,1307,"[67, 72, 75]",True,False,True
Zone 31,Grocery,Rack 1,Slot 3,1852,"[31, 33, 42]",True,False,True
Zone 31,Grocery,Rack 1,Slot 4,1821,"[31, 68, 62]",True,False,True
Zone 31,Grocery,Rack 1,Slot 5,1806,"[68, 45, 53]",True,False,True
Zone 31,Grocery,Rack 1,Slot 6,842,"[79, 51, 52]",True,False,True
Zone 31,Grocery,Rack 2,Slot 1,1514,"[58, 30, 65]",False,False,True
Zone 31,Grocery,Rack 2,Slot 2,695,"[71, 59, 31]",False,False,True
Zone 31,Grocery,Rack 2,Slot 3,1436,"[34, 40, 76]",False,False,True
Zone 31,Grocery,Rack 2,Slot 4,1621,"[55, 37, 37]",False,False,True
Zone 31,Grocery,Rack 2,Slot 5,2175,"[44, 68, 74]",False,False,True
Zone 31,Grocery,Rack 2,Slot 6,2384,"[35, 30, 32]",False,False,True
Zone 31,Grocery,Rack 3,Slot 1,1311,"[62, 76, 49]",False,False,True
Zone 31,Grocery,Rack 3,Slot 2,2913,"[37, 60, 75]",False,False,True
Zone 31,Grocery,Rack 3,Slot 3,2939,"[68, 36, 40]",False,False,True
Zone 31,Grocery,Rack 4,Slot 1,712,"[35, 60, 37]",False,True,True
Zone 31,Grocery,Rack 4,Slot 2,2034,"[34, 55, 64]",False,True,True
Zone 31,Grocery,Rack 4,Slot 3,570,"[56, 69, 77]",False,True,True
Zone 31,Grocery,Rack 5,Slot 1,841,"[32, 36, 38]",False,False,False
Zone 31,Grocery,Rack 5,Slot 2,1731,"[31, 63, 50]",False,False,False
Zone 31,Grocery,Rack 5,Slot 3,819,"[55, 79, 37]",False,False,False
Zone 31,Grocery,Rack 5,Slot 4,1387,"[30, 59, 60]",False,False,False
Zone 32,Grocery,Rack 1,Slot 1,2484,"[45, 45, 43]",False,True,True
Zone 32,Grocery,Rack 1,Slot 2,2111,"[39, 47, 38]",False,True,True
Zone 32,Grocery,Rack 1,Slot 3,656,"[69, 71, 74]",False,True,True
Zone 32,Grocery,Rack 1,Slot 4,788,"[41, 56, 67]",False,True,True
Zone 32,Grocery,Rack 2,Slot 1,1462,"[68, 58, 45]",False,True,True
Zone 32,Grocery,Rack 2,Slot 2,2476,"[38, 69, 43]",False,True,True
Zone 32,Grocery,Rack 2,Slot 3,478,"[59, 57, 79]",False,True,True
Zone 32,Grocery,Rack 2,Slot 4,1213,"[74, 35, 34]",False,True,True
Zone 32,Grocery,Rack 3,Slot 1,1209,"[32, 73, 39]",True,True,True
Zone 32,Grocery,Rack 3,Slot 2,2008,"[32, 61, 38]",True,True,True
Zone 32,Grocery,Rack 3,Slot 3,1158,"[42, 42, 59]",True,True,True
Zone 32,Grocery,Rack 3,Slot 4,414,"[76, 52, 39]",True,True,True
Zone 32,Grocery,Rack 3,Slot 5,2980,"[43, 76, 34]",True,True,True
Zone 32,Grocery,Rack 4,Slot 1,937,"[41, 60, 78]",False,True,False
Zone 32,Grocery,Rack 4,Slot 2,2693,"[51, 65, 65]",False,True,False
Zone 32,Grocery,Rack 4,Slot 3,1403,"[53, 48, 58]",False,True,False
Zone 32,Grocery,Rack 4,Slot 4,2995,"[75, 31, 44]",False,True,False
Zone 32,Grocery,Rack 5,Slot 1,1311,"[60, 60, 40]",False,True,True
Zone 32,Grocery,Rack 5,Slot 2,1068,"[57, 76, 60]",False,True,True
Zone 32,Grocery,Rack 5,Slot 3,427,"[71, 68, 47]",False,True,True
Zone 32,Grocery,Rack 5,Slot 4,2279,"[30, 30, 54]",False,True,True
Zone 32,Grocery,Rack 5,Slot 5,2422,"[60, 58, 49]",False,True,True
Zone 33,Inflamable,Rack 1,Slot 1,1375,"[73, 59, 58]",True,False,True
Zone 33,Inflamable,Rack 1,Slot 2,2363,"[36, 78, 34]",True,False,True
Zone 33,Inflamable,Rack 1,Slot 3,601,"[68, 66, 59]",True,False,True
Zone 33,Inflamable,Rack 2,Slot 1,1182,"[78, 75, 74]",True,False,True
Zone 33,Inflamable,Rack 2,Slot 2,2507,"[43, 71, 61]",True,False,True
Zone 33,Inflamable,Rack 2,Slot 3,874,"[33, 45, 54]",True,False,True
Zone 34,Grocery,Rack 1,Slot 1,336,"[38, 51, 61]",False,False,True
Zone 34,Grocery,Rack 1,Slot 2,2633,"[56, 69, 41]",False,False,True
Zone 34,Grocery,Rack 1,Slot 3,2378,"[65, 77, 62]",False,False,True
Zone 34,Grocery,Rack 1,Slot 4,2181,"[37, 54, 77]",False,False,True
Zone 34,Grocery,Rack 2,Slot 1,1008,"[40, 58, 67]",True,False,True
Zone 34,Grocery,Rack 2,Slot 2,1713,"[78, 33, 74]",True,False,True
Zone 34,Grocery,Rack 2,Slot 3,483,"[66, 60, 57]",True,False,True
Zone 34,Grocery,Rack 2,Slot 4,398,"[30, 35, 68]",True,False,True
Zone 34,Grocery,Rack 3,Slot 1,385,"[76, 44, 51]",False,False,True
Zone 34,Grocery,Rack 3,Slot 2,786,"[61, 30, 59]",False,False,True
Zone 34,Grocery,Rack 3,Slot 3,1040,"[51, 78, 33]",False,False,True
Zone 34,Grocery,Rack 4,Slot 1,356,"[77, 56, 59]",False,True,False
Zone 34,Grocery,Rack 4,Slot 2,2611,"[68, 47, 45]",False,True,False
Zone 34,Grocery,Rack 4,Slot 3,1919,"[41, 53, 48]",False,True,False
Zone 34,Grocery,Rack 4,Slot 4,320,"[78, 65, 64]",False,True,False
Zone 34,Grocery,Rack 4,Slot 5,1861,"[37, 56, 39]",False,True,False
Zone 35,Grocery,Rack 1,Slot 1,581,"[78, 51, 63]",False,False,True
Zone 35,Grocery,Rack 1,Slot 2,1824,"[35, 72, 35]",False,False,True
Zone 35,Grocery,Rack 1,Slot 3,2099,"[77, 45, 77]",False,False,True
Zone 35,Grocery,Rack 1,Slot 4,1305,"[60, 80, 44]",False,False,True
Zone 35,Grocery,Rack 1,Slot 5,2394,"[71, 32, 56]",False,False,True
Zone 35,Grocery,Rack 1,Slot 6,630,"[34, 36, 45]",False,False,True
Zone 35,Grocery,Rack 2,Slot 1,2217,"[75, 50, 59]",False,True,True
Zone 35,Grocery,Rack 2,Slot 2,658,"[44, 64, 62]",False,True,True
Zone 35,Grocery,Rack 2,Slot 3,2559,"[35, 71, 47]",False,True,True
Zone 35,Grocery,Rack 2,Slot 4,650,"[30, 46, 49]",False,True,True
Zone 35,Grocery,Rack 3,Slot 1,1088,"[56, 68, 59]",True,False,True
Zone 35,Grocery,Rack 3,Slot 2,1584,"[43, 61, 56]",True,False,True
Zone 35,Grocery,Rack 3,Slot 3,1285,"[56, 38, 66]",True,False,True
Zone 35,Grocery,Rack 3,Slot 4,2807,"[55, 61, 73]",True,False,True
Zone 35,Grocery,Rack 4,Slot 1,2408,"[72, 67, 41]",False,True,True
Zone 35,Grocery,Rack 4,Slot 2,2452,"[37, 31, 79]",False,True,True
Zone 35,Grocery,Rack 4,Slot 3,2401,"[77, 56, 54]",False,True,True
Zone 35,Grocery,Rack 4,Slot 4,2289,"[55, 72, 44]",False,True,True
Zone 35,Grocery,Rack 4,Slot 5,2781,"[62, 80, 61]",False,True,True
Zone 36,Grocery,Rack 1,Slot 1,835,"[75, 61, 71]",True,False,False
Zone 36,Grocery,Rack 1,Slot 2,904,"[60, 47, 51]",True,False,False
Zone 36,Grocery,Rack 1,Slot 3,2633,"[55, 44, 38]",True,False,False
Zone 36,Grocery,Rack 1,Slot 4,1438,"[43, 71, 48]",True,False,False
Zone 36,Grocery,Rack 2,Slot 1,2841,"[59, 69, 33]",False,False,False
Zone 36,Grocery,Rack 2,Slot 2,2897,"[69, 51, 54]",False,False,False
Zone 36,Grocery,Rack 2,Slot 3,1133,"[71, 44, 65]",False,False,False
Zone 36,Grocery,Rack 2,Slot 4,2114,"[69, 40, 56]",False,False,False
Zone 36,Grocery,Rack 2,Slot 5,665,"[33, 30, 75]",False,False,False
Zone 36,Grocery,Rack 2,Slot 6,1364,"[61, 47, 35]",False,False,False
Zone 36,Grocery,Rack 3,Slot 1,1937,"[59, 53, 30]",True,True,True
Zone 36,Grocery,Rack 3,Slot 2,638,"[58, 80, 69]",True,True,True
Zone 36,Grocery,Rack 3,Slot 3,2461,"[56, 78, 66]",True,True,True
Zone 36,Grocery,Rack 3,Slot 4,737,"[50, 51, 47]",True,True,True
Zone 36,Grocery,Rack 3,Slot 5,315,"[62, 51, 55]",True,True,True
Zone 36,Grocery,Rack 4,Slot 1,2104,"[47, 64, 50]",False,False,True
Zone 36,Grocery,Rack 4,Slot 2,2518,"[61, 78, 58]",False,False,True
Zone 36,Grocery,Rack 4,Slot 3,308,"[74, 44, 52]",False,False,True
Zone 36,Grocery,Rack 5,Slot 1,2516,"[32, 73, 72]",True,True,False
Zone 36,Grocery,Rack 5,Slot 2,1243,"[63, 51, 38]",True,True,False
Zone 36,Grocery,Rack 5,Slot 3,1947,"[53, 57, 60]",True,True,False
Zone 36,Grocery,Rack 5,Slot 4,1204,"[52, 72, 78]",True,True,False
Zone 37,Chemical,Rack 1,Slot 1,2768,"[76, 78, 35]",False,False,False
Zone 37,Chemical,Rack 1,Slot 2,781,"[42, 77, 40]",False,False,False
Zone 37,Chemical,Rack 1,Slot 3,657,"[56, 61, 69]",False,False,False
Zone 37,Chemical,Rack 2,Slot 1,1211,"[42, 68, 34]",False,True,True
Zone 37,Chemical,Rack 2,Slot 2,1825,"[51, 60, 43]",False,True,True
Zone 37,Chemical,Rack 2,Slot 3,1142,"[37, 74, 69]",False,True,True
Zone 37,Chemical,Rack 2,Slot 4,2165,"[74, 64, 70]",False,True,True
Zone 37,Chemical,Rack 2,Slot 5,1438,"[72, 77, 36]",False,True,True
Zone 37,Chemical,Rack 3,Slot 1,1885,"[51, 64, 51]",True,True,False
Zone 37,Chemical,Rack 3,Slot 2,1369,"[33, 58, 63]",True,True,False
Zone 37,Chemical,Rack 3,Slot 3,1555,"[58, 65, 33]",True,True,False
Zone 37,Chemical,Rack 4,Slot 1,2549,"[52, 70, 36]",False,False,False
Zone 37,Chemical,Rack 4,Slot 2,2818,"[36, 40, 62]",False,False,False
Zone 37,Chemical,Rack 4,Slot 3,435,"[80, 55, 42]",False,False,False
Zone 37,Chemical,Rack 4,Slot 4,722,"[32, 68, 62]",False,False,False
Zone 37,Chemical,Rack 4,Slot 5,2289,"[47, 52, 72]",False,False,False
Zone 37,Chemical,Rack 4,Slot 6,2620,"[76, 56, 57]",False,False,False
Zone 37,Chemical,Rack 5,Slot 1,517,"[71, 54, 52]",False,False,True
Zone 37,Chemical,Rack 5,Slot 2,2412,"[75, 30, 80]",False,False,True
Zone 37,Chemical,Rack 5,Slot 3,1336,"[46, 48, 68]",False,False,True
Zone 37,Chemical,Rack 5,Slot 4,2088,"[63, 50, 55]",False,False,True
Zone 37,Chemical,Rack 5,Slot 5,2396,"[47, 51, 66]",False,False,True
Zone 38,Inflamable,Rack 1,Slot 1,2238,"[79, 77, 77]",False,True,False
Zone 38,Inflamable,Rack 1,Slot 2,2585,"[46, 47, 39]",False,True,False
Zone 38,Inflamable,Rack 1,Slot 3,488,"[59, 59, 39]",False,True,False
Zone 38,Inflamable,Rack 2,Slot 1,2044,"[42, 76, 68]",False,False,True
Zone 38,Inflamable,Rack 2,Slot 2,1980,"[39, 67, 59]",False,False,True
Zone 38,Inflamable,Rack 2,Slot 3,1214,"[75, 49, 43]",False,False,True
Zone 38,Inflamable,Rack 3,Slot 1,1356,"[58, 50, 75]",False,False,True
Zone 38,Inflamable,Rack 3,Slot 2,496,"[63, 70, 79]",False,False,True
Zone 38,Inflamable,Rack 3,Slot 3,1132,"[64, 55, 80]",False,False,True
Zone 38,Inflamable,Rack 3,Slot 4,1198,"[41, 75, 62]",False,False,True
Zone 38,Inflamable,Rack 4,Slot 1,2471,"[41, 53, 30]",True,True,True
Zone 38,Inflamable,Rack 4,Slot 2,1225,"[69, 65, 77]",True,True,True
Zone 38,Inflamable,Rack 4,Slot 3,2147,"[75, 72, 36]",True,True,True
Zone 38,Inflamable,Rack 5,Slot 1,2259,"[56, 38, 52]",True,False,False
Zone 38,Inflamable,Rack 5,Slot 2,2286,"[34, 76, 62]",True,False,False
Zone 38,Inflamable,Rack 5,Slot 3,2887,"[67, 38, 75]",True,False,False
Zone 39,Inflamable,Rack 1,Slot 1,1711,"[62, 57, 67]",False,True,True
Zone 39,Inflamable,Rack 1,Slot 2,2095,"[67, 65, 77]",False,True,True
Zone 39,Inflamable,Rack 1,Slot 3,423,"[35, 48, 70]",False,True,True
Zone 39,Inflamable,Rack 1,Slot 4,675,"[63, 67, 77]",False,True,True
Zone 39,Inflamable,Rack 2,Slot 1,2918,"[35, 43, 48]",False,True,True
Zone 39,Inflamable,Rack 2,Slot 2,2796,"[37, 79, 76]",False,True,True
Zone 39,Inflamable,Rack 2,Slot 3,427,"[58, 47, 66]",False,True,True
Zone 39,Inflamable,Rack 2,Slot 4,2303,"[69, 41, 77]",False,True,True
Zone 39,Inflamable,Rack 3,Slot 1,1260,"[78, 68, 49]",False,True,True
Zone 39,Inflamable,Rack 3,Slot 2,2752,"[30, 47, 40]",False,True,True
Zone 39,Inflamable,Rack 3,Slot 3,2781,"[51, 39, 66]",False,True,True
Zone 39,Inflamable,Rack 3,Slot 4,1848,"[48, 37, 65]",False,True,True
Zone 39,Inflamable,Rack 3,Slot 5,1702,"[77, 35, 56]",False,True,True
Zone 39,Inflamable,Rack 3,Slot 6,1363,"[38, 66, 75]",False,True,True
Zone 40,Grocery,Rack 1,Slot 1,2542,"[34, 79, 57]",False,True,True
Zone 40,Grocery,Rack 1,Slot 2,2484,"[34, 76, 78]",False,True,True
Zone 40,Grocery,Rack 1,Slot 3,2788,"[68, 32, 70]",False,True,True
Zone 40,Grocery,Rack 1,Slot 4,2475,"[39, 43, 66]",False,True,True
Zone 40,Grocery,Rack 1,Slot 5,368,"[66, 34, 64]",False,True,True
Zone 40,Grocery,Rack 1,Slot 6,1554,"[31, 61, 55]",False,True,True
Zone 40,Grocery,Rack 2,Slot 1,1221,"[35, 68, 66]",False,False,False
Zone 40,Grocery,Rack 2,Slot 2,1899,"[42, 40, 51]",False,False,False
Zone 40,Grocery,Rack 2,Slot 3,1510,"[54, 49, 49]",False,False,False
Zone 40,Grocery,Rack 2,Slot 4,302,"[34, 74, 62]",False,False,False
Zone 40,Grocery,Rack 2,Slot 5,1232,"[45, 44, 46]",False,False,False
Zone 41,Grocery,Rack 1,Slot 1,886,"[68, 69, 32]",False,False,False
Zone 41,Grocery,Rack 1,Slot 2,2523,"[73, 53, 65]",False,False,False
Zone 41,Grocery,Rack 1,Slot 3,1936,"[46, 42, 59]",False,False,False
Zone 41,Grocery,Rack 1,Slot 4,1989,"[32, 45, 52]",False,False,False
Zone 41,Grocery,Rack 2,Slot 1,1717,"[36, 51, 40]",False,False,True
Zone 41,Grocery,Rack 2,Slot 2,459,"[34, 41, 80]",False,False,True
Zone 41,Grocery,Rack 2,Slot 3,545,"[80, 66, 51]",False,False,True
Zone 41,Grocery,Rack 2,Slot 4,1836,"[70, 58, 44]",False,False,True
Zone 41,Grocery,Rack 3,Slot 1,1708,"[48, 51, 43]",False,True,False
Zone 41,Grocery,Rack 3,Slot 2,2842,"[44, 38, 80]",False,True,False
Zone 41,Grocery,Rack 3,Slot 3,2564,"[80, 33, 31]",False,True,False
Zone 41,Grocery,Rack 3,Slot 4,710,"[43, 58, 69]",False,True,False
Zone 41,Grocery,Rack 3,Slot 5,2271,"[67, 63, 36]",False,True,False
Zone 41,Grocery,Rack 4,Slot 1,1952,"[47, 58, 55]",False,True,False
Zone 41,Grocery,Rack 4,Slot 2,1406,"[79, 32, 47]",False,True,False
Zone 41,Grocery,Rack 4,Slot 3,2455,"[53, 52, 42]",False,True,False
Zone 41,Grocery,Rack 4,Slot 4,2510,"[66, 57, 50]",False,True,False
Zone 41,Grocery,Rack 4,Slot 5,1119,"[34, 30, 68]",False,True,False
Zone 41,Grocery,Rack 5,Slot 1,736,"[66, 41, 74]",False,False,True
Zone 41,Grocery,Rack 5,Slot 2,2236,"[43, 70, 30]",False,False,True
Zone 41,Grocery,Rack 5,Slot 3,2413,"[50, 77, 48]",False,False,True
Zone 42,Grocery,Rack 1,Slot 1,2445,"[30, 48, 61]",False,False,False
Zone 42,Grocery,Rack 1,Slot 2,1738,"[68, 42, 56]",False,False,False
Zone 42,Grocery,Rack 1,Slot 3,2529,"[34, 75, 78]",False,False,False
Zone 42,Grocery,Rack 1,Slot 4,490,"[50, 37, 57]",False,False,False
Zone 42,Grocery,Rack 1,Slot 5,2521,"[78, 62, 67]",False,False,False
Zone 42,Grocery,Rack 1,Slot 6,1509,"[48, 52, 30]",False,False,False
Zone 42,Grocery,Rack 2,Slot 1,1691,"[70, 33, 77]",False,False,True
Zone 42,Grocery,Rack 2,Slot 2,587,"[43, 49, 33]",False,False,True
Zone 42,Grocery,Rack 2,Slot 3,1444,"[80, 34, 45]",False,False,True
Zone 42,Grocery,Rack 2,Slot 4,423,"[30, 42, 53]",False,False,True
Zone 42,Grocery,Rack 2,Slot 5,2658,"[34, 35, 44]",False,False,True
Zone 43,Inflamable,Rack 1,Slot 1,2513,"[43, 33, 68]",False,False,True
Zone 43,Inflamable,Rack 1,Slot 2,492,"[57, 78, 69]",False,False,True
Zone 43,Inflamable,Rack 1,Slot 3,1029,"[49, 31, 46]",False,False,True
Zone 43,Inflamable,Rack 1,Slot 4,757,"[36, 66, 57]",False,False,True
Zone 43,Inflamable,Rack 2,Slot 1,1827,"[80, 66, 57]",True,True,False
Zone 43,Inflamable,Rack 2,Slot 2,1162,"[37, 45, 32]",True,True,False
Zone 43,Inflamable,Rack 2,Slot 3,1022,"[39, 62, 53]",True,True,False
Zone 43,Inflamable,Rack 2,Slot 4,1463,"[73, 33, 45]",True,True,False
Zone 43,Inflamable,Rack 2,Slot 5,1948,"[76, 50, 73]",True,True,False
Zone 44,General,Rack 1,Slot 1,2803,"[38, 42, 55]",False,True,False
Zone 44,General,Rack 1,Slot 2,2475,"[77, 72, 70]",False,True,False
Zone 44,General,Rack 1,Slot 3,2585,"[33, 48, 39]",False,True,False
Zone 44,General,Rack 2,Slot 1,2929,"[75, 61, 63]",False,True,False
Zone 44,General,Rack 2,Slot 2,584,"[37, 46, 38]",False,True,False
Zone 44,General,Rack 2,Slot 3,828,"[38, 74, 48]",False,True,False
Zone 44,General,Rack 2,Slot 4,430,"[75, 71, 41]",False,True,False
Zone 44,General,Rack 2,Slot 5,950,"[45, 40, 33]",False,True,False
Zone 44,General,Rack 2,Slot 6,1299,"[41, 37, 74]",False,True,False
Zone 44,General,Rack 3,Slot 1,2391,"[38, 53, 42]",True,True,False
Zone 44,General,Rack 3,Slot 2,1826,"[39, 30, 44]",True,True,False
Zone 44,General,Rack 3,Slot 3,1557,"[54, 47, 76]",True,True,False
Zone 44,General,Rack 3,Slot 4,2637,"[42, 48, 36]",True,True,False
Zone 44,General,Rack 3,Slot 5,1787,"[39, 44, 30]",True,True,False
Zone 44,General,Rack 3,Slot 6,1732,"[33, 64, 48]",True,True,False
Zone 44,General,Rack 4,Slot 1,2281,"[76, 50, 74]",True,True,False
Zone 44,General,Rack 4,Slot 2,2952,"[65, 52, 50]",True,True,False
Zone 44,General,Rack 4,Slot 3,2176,"[71, 52, 47]",True,True,False
Zone 45,Inflamable,Rack 1,Slot 1,1476,"[79, 39, 66]",True,False,True
Zone 45,Inflamable,Rack 1,Slot 2,2475,"[43, 71, 37]",True,False,True
Zone 45,Inflamable,Rack 1,Slot 3,695,"[46, 50, 50]",True,False,True
Zone 45,Inflamable,Rack 1,Slot 4,1150,"[41, 73, 72]",True,False,True
Zone 45,Inflamable,Rack 1,Slot 5,857,"[33, 58, 64]",True,False,True
Zone 45,Inflamable,Rack 2,Slot 1,586,"[38, 56, 43]",False,False,True
Zone 45,Inflamable,Rack 2,Slot 2,1615,"[32, 74, 66]",False,False,True
Zone 45,Inflamable,Rack 2,Slot 3,2140,"[79, 75, 39]",False,False,True
Zone 45,Inflamable,Rack 3,Slot 1,1965,"[77, 37, 47]",True,True,False
Zone 45,Inflamable,Rack 3,Slot 2,2611,"[41, 40, 34]",True,True,False
Zone 45,Inflamable,Rack 3,Slot 3,2372,"[50, 66, 70]",True,True,False
Zone 45,Inflamable,Rack 3,Slot 4,1691,"[57, 58, 43]",True,True,False
Zone 45,Inflamable,Rack 3,Slot 5,1814,"[41, 44, 55]",True,True,False
Zone 45,Inflamable,Rack 3,Slot 6,529,"[45, 65, 41]",True,True,False
Zone 46,Chemical,Rack 1,Slot 1,978,"[72, 49, 54]",True,False,True
Zone 46,Chemical,Rack 1,Slot 2,1506,"[39, 73, 33]",True,False,True
Zone 46,Chemical,Rack 1,Slot 3,2931,"[38, 74, 65]",True,False,True
Zone 46,Chemical,Rack 1,Slot 4,1645,"[62, 64, 33]",True,False,True
Zone 46,Chemical,Rack 2,Slot 1,548,"[78, 53, 48]",False,False,True
Zone 46,Chemical,Rack 2,Slot 2,617,"[32, 43, 78]",False,False,True
Zone 46,Chemical,Rack 2,Slot 3,1593,"[54, 71, 35]",False,False,True
Zone 46,Chemical,Rack 2,Slot 4,1702,"[49, 78, 39]",False,False,True
Zone 46,Chemical,Rack 3,Slot 1,2984,"[49, 70, 68]",False,True,True
Zone 46,Chemical,Rack 3,Slot 2,539,"[47, 44, 41]",False,True,True
Zone 46,Chemical,Rack 3,Slot 3,1961,"[71, 48, 57]",False,True,True
Zone 46,Chemical,Rack 4,Slot 1,2719,"[32, 47, 53]",True,False,False
Zone 46,Chemical,Rack 4,Slot 2,1434,"[80, 51, 68]",True,False,False
Zone 46,Chemical,Rack 4,Slot 3,2534,"[37, 66, 64]",True,False,False
Zone 46,Chemical,Rack 4,Slot 4,2373,"[36, 63, 79]",True,False,False
Zone 46,Chemical,Rack 4,Slot 5,2263,"[80, 75, 65]",True,False,False
Zone 46,Chemical,Rack 4,Slot 6,2191,"[78, 53, 67]",True,False,False
Zone 46,Chemical,Rack 5,Slot 1,378,"[70, 71, 37]",False,True,False
Zone 46,Chemical,Rack 5,Slot 2,1073,"[39, 62, 58]",False,True,False
Zone 46,Chemical,Rack 5,Slot 3,1137,"[45, 49, 45]",False,True,False
Zone 46,Chemical,Rack 5,Slot 4,1445,"[71, 51, 58]",False,True,False
Zone 46,Chemical,Rack 5,Slot 5,502,"[68, 55, 79]",False,True,False
Zone 47,General,Rack 1,Slot 1,1358,"[30, 52, 57]",True,True,False
Zone 47,General,Rack 1,Slot 2,1212,"[67, 35, 30]",True,True,False
Zone 47,General,Rack 1,Slot 3,991,"[47, 52, 58]",True,True,False
Zone 47,General,Rack 1,Slot 4,2345,"[30, 69, 64]",True,True,False
Zone 47,General,Rack 2,Slot 1,1588,"[43, 53, 70]",True,True,False
Zone 47,General,Rack 2,Slot 2,2858,"[69, 47, 72]",True,True,False
Zone 47,General,Rack 2,Slot 3,1676,"[57, 69, 78]",True,True,False
Zone 47,General,Rack 2,Slot 4,2224,"[59, 66, 64]",True,True,False
Zone 47,General,Rack 3,Slot 1,2267,"[58, 58, 56]",False,True,True
Zone 47,General,Rack 3,Slot 2,1308,"[52, 30, 66]",False,True,True
Zone 47,General,Rack 3,Slot 3,1897,"[79, 33, 77]",False,True,True
Zone 47,General,Rack 3,Slot 4,348,"[59, 32, 62]",False,True,True
Zone 47,General,Rack 3,Slot 5,832,"[34, 43, 38]",False,True,True
Zone 47,General,Rack 4,Slot 1,601,"[72, 35, 42]",True,False,False
Zone 47,General,Rack 4,Slot 2,2925,"[59, 62, 67]",True,False,False
Zone 47,General,Rack 4,Slot 3,1402,"[32, 37, 58]",True,False,False
Zone 47,General,Rack 4,Slot 4,401,"[42, 65, 57]",True,False,False
Zone 47,General,Rack 4,Slot 5,2796,"[32, 79, 75]",True,False,False
Zone 48,Chemical,Rack 1,Slot 1,1779,"[47, 55, 64]",True,False,False
Zone 48,Chemical,Rack 1,Slot 2,825,"[41, 37, 77]",True,False,False
Zone 48,Chemical,Rack 1,Slot 3,2116,"[35, 44, 60]",True,False,False
Zone 48,Chemical,Rack 1,Slot 4,1380,"[74, 42, 36]",True,False,False
Zone 48,Chemical,Rack 1,Slot 5,2046,"[30, 75, 77]",True,False,False
Zone 48,Chemical,Rack 2,Slot 1,2076,"[32, 48, 68]",True,True,True
Zone 48,Chemical,Rack 2,Slot 2,2565,"[37, 38, 80]",True,True,True
Zone 48,Chemical,Rack 2,Slot 3,432,"[72, 61, 43]",True,True,True
Zone 48,Chemical,Rack 2,Slot 4,521,"[47, 54, 48]",True,True,True
Zone 48,Chemical,Rack 2,Slot 5,1532,"[31, 77, 76]",True,True,True
Zone 49,Chemical,Rack 1,Slot 1,1366,"[78, 49, 64]",False,True,False
Zone 49,Chemical,Rack 1,Slot 2,1373,"[38, 46, 77]",False,True,False
Zone 49,Chemical,Rack 1,Slot 3,2530,"[32, 53, 77]",False,True,False
Zone 49,Chemical,Rack 1,Slot 4,381,"[67, 56, 36]",False,True,False
Zone 49,Chemical,Rack 1,Slot 5,2064,"[54, 52, 65]",False,True,False
Zone 49,Chemical,Rack 1,Slot 6,2324,"[64, 58, 32]",False,True,False
Zone 49,Chemical,Rack 2,Slot 1,1547,"[44, 35, 68]",True,True,True
Zone 49,Chemical,Rack 2,Slot 2,762,"[52, 41, 76]",True,True,True
Zone 49,Chemical,Rack 2,Slot 3,386,"[37, 50, 41]",True,True,True
Zone 49,Chemical,Rack 2,Slot 4,2971,"[57, 38, 30]",True,True,True
Zone 49,Chemical,Rack 2,Slot 5,1175,"[46, 65, 73]",True,True,True
Zone 49,Chemical,Rack 3,Slot 1,1440,"[51, 77, 30]",False,True,False
Zone 49,Chemical,Rack 3,Slot 2,2398,"[57, 42, 78]",False,True,False
Zone 49,Chemical,Rack 3,Slot 3,2887,"[76, 31, 70]",False,True,False
Zone 49,Chemical,Rack 4,Slot 1,2148,"[64, 62, 62]",False,True,False
Zone 49,Chemical,Rack 4,Slot 2,502,"[54, 66, 77]",False,True,False
Zone 49,Chemical,Rack 4,Slot 3,1349,"[60, 49, 57]",False,True,False
Zone 49,Chemical,Rack 4,Slot 4,2050,"[47, 35, 80]",False,True,False
Zone 49,Chemical,Rack 4,Slot 5,703,"[53, 39, 37]",False,True,False
Zone 49,Chemical,Rack 5,Slot 1,1495,"[49, 50, 58]",False,True,False
Zone 49,Chemical,Rack 5,Slot 2,1453,"[39, 60, 63]",False,True,False
Zone 49,Chemical,Rack 5,Slot 3,495,"[72, 48, 43]",False,True,False
Zone 49,Chemical,Rack 5,Slot 4,351,"[51, 30, 57]",False,True,False
Zone 49,Chemical,Rack 5,Slot 5,1938,"[41, 79, 78]",False,True,False
Zone 49,Chemical,Rack 5,Slot 6,2111,"[60, 58, 67]",False,True,False
Zone 50,Inflamable,Rack 1,Slot 1,2144,"[58, 32, 61]",True,True,False
Zone 50,Inflamable,Rack 1,Slot 2,306,"[39, 68, 77]",True,True,False
Zone 50,Inflamable,Rack 1,Slot 3,717,"[79, 55, 48]",True,True,False
Zone 50,Inflamable,Rack 2,Slot 1,1335,"[39, 65, 59]",False,False,True
Zone 50,Inflamable,Rack 2,Slot 2,1242,"[65, 73, 41]",False,False,True
Zone 50,Inflamable,Rack 2,Slot 3,376,"[58, 75, 47]",False,False,True
Zone 50,Inflamable,Rack 2,Slot 4,563,"[59, 49, 47]",False,False,True
